{
  "ids": {
    "Dot": 5
  },
  "models": {
    "Dot": {
      "1": "{\"name\":\"Take over the galaxy\",\"category\":\"thing\",\"description\":\"MWAHAHAHAHAHAHAHAHAHAHAHAHAMWAHAHAHAHAHAHAHAHAHAHAHAHA\",\"id\":1}",
      "2": "{\"name\":\"Alderaan\",\"category\":\"place\",\"subcat\":\"planet\",\"description\":\"Make sure there are no survivors left!\",\"id\":2}",
      "3": "{\"name\":\"Play space invaders\",\"category\":\"idea\",\"description\":\"Become the very best!\",\"id\":3}",
      "4": "{\"name\":\"Rebel scum\",\"category\":\"person\",\"description\":\"Every.Last.One.\",\"id\":4}",
    }
  }
}
